<?xml version="1.0" encoding="UTF-8"?>
<project-private xmlns="http://www.netbeans.org/ns/project-private/1">
    <editor-bookmarks xmlns="http://www.netbeans.org/ns/editor-bookmarks/2" lastBookmarkId="0"/>
    <open-files xmlns="http://www.netbeans.org/ns/projectui-open-files/2">
        <group>
            <file>file:/D:/Coolyeah/Semester%203/Pemrograman%20Berbasis%20Objek%20(PBO)/UAS/2109116037_Alya%20Saharani_UAS%20PBO/2109116037_Alya%20Saharani_UAS%20PBO/src/Form/Role.java</file>
            <file>file:/D:/Coolyeah/Semester%203/Pemrograman%20Berbasis%20Objek%20(PBO)/UAS/2109116037_Alya%20Saharani_UAS%20PBO/2109116037_Alya%20Saharani_UAS%20PBO/src/Form/LoginAdmin.java</file>
            <file>file:/D:/Coolyeah/Semester%203/Pemrograman%20Berbasis%20Objek%20(PBO)/UAS/2109116037_Alya%20Saharani_UAS%20PBO/2109116037_Alya%20Saharani_UAS%20PBO/src/Form/form_barang.java</file>
            <file>file:/D:/Coolyeah/Semester%203/Pemrograman%20Berbasis%20Objek%20(PBO)/UAS/2109116037_Alya%20Saharani_UAS%20PBO/2109116037_Alya%20Saharani_UAS%20PBO/src/Form/form_kota.java</file>
        </group>
    </open-files>
</project-private>
